"RelativePath","DestinationPath","FileName","Length","LastWriteUtc","Action"
"010.JPG","C:\Users\rbell\OneDrive\Documents\GitHub\bell-family-archive\images\010.JPG","010.JPG","833597","2026-08-17T00:12:57.0253650Z","REVIEW ONLY - DO NOT DELETE YET"
"1 003.jpg","C:\Users\rbell\OneDrive\Documents\GitHub\bell-family-archive\images\1 003.jpg","1 003.jpg","438234","2026-08-17T00:13:07.0762480Z","REVIEW ONLY - DO NOT DELETE YET"
"100-0006_IMG.JPG","C:\Users\rbell\OneDrive\Documents\GitHub\bell-family-archive\images\100-0006_IMG.JPG","100-0006_IMG.JPG","815206","2026-08-17T00:13:06.7079272Z","REVIEW ONLY - DO NOT DELETE YET"
"100-0051_IMG.JPG","C:\Users\rbell\OneDrive\Documents\GitHub\bell-family-archive\images\100-0051_IMG.JPG","100-0051_IMG.JPG","807751","2026-08-17T00:12:57.0504821Z","REVIEW ONLY - DO NOT DELETE YET"
"100-0072_IMG.JPG","C:\Users\rbell\OneDrive\Documents\GitHub\bell-family-archive\images\100-0072_IMG.JPG","100-0072_IMG.JPG","946203","2026-08-17T00:13:06.5652947Z","REVIEW ONLY - DO NOT DELETE YET"
"100-0076_IMG.JPG","C:\Users\rbell\OneDrive\Documents\GitHub\bell-family-archive\images\100-0076_IMG.JPG","100-0076_IMG.JPG","1164829","2026-08-17T00:13:06.3605357Z","REVIEW ONLY - DO NOT DELETE YET"
"102-0206_IMG.JPG","C:\Users\rbell\OneDrive\Documents\GitHub\bell-family-archive\images\102-0206_IMG.JPG","102-0206_IMG.JPG","830623","2026-08-17T00:13:06.6952665Z","REVIEW ONLY - DO NOT DELETE YET"
"108-0893_IMG.JPG","C:\Users\rbell\OneDrive\Documents\GitHub\bell-family-archive\images\108-0893_IMG.JPG","108-0893_IMG.JPG","451344","2026-08-17T00:12:57.4041905Z","REVIEW ONLY - DO NOT DELETE YET"
"108-0896_IMG.JPG","C:\Users\rbell\OneDrive\Documents\GitHub\bell-family-archive\images\108-0896_IMG.JPG","108-0896_IMG.JPG","696630","2026-08-17T00:13:06.8159648Z","REVIEW ONLY - DO NOT DELETE YET"
"12 years of perfect attendance.jpg","C:\Users\rbell\OneDrive\Documents\GitHub\bell-family-archive\images\12 years of perfect attendance.jpg","12 years of perfect attendance.jpg","1411255","2026-08-17T00:12:56.4997111Z","REVIEW ONLY - DO NOT DELETE YET"
"131-3126_IMG.JPG","C:\Users\rbell\OneDrive\Documents\GitHub\bell-family-archive\images\131-3126_IMG.JPG","131-3126_IMG.JPG","524966","2026-08-17T00:12:57.3423735Z","REVIEW ONLY - DO NOT DELETE YET"
"1960\1960s_0001.jpg","C:\Users\rbell\OneDrive\Documents\GitHub\bell-family-archive\images\1960\1960s_0001.jpg","1960s_0001.jpg","8140081","2026-08-17T19:35:51.0146782Z","REVIEW ONLY - DO NOT DELETE YET"
"1960\1960s_0002_a_Restored.png","C:\Users\rbell\OneDrive\Documents\GitHub\bell-family-archive\images\1960\1960s_0002_a_Restored.png","1960s_0002_a_Restored.png","2610492","2026-08-17T19:31:09.8970170Z","REVIEW ONLY - DO NOT DELETE YET"
"1960\1960s_0003.jpg","C:\Users\rbell\OneDrive\Documents\GitHub\bell-family-archive\images\1960\1960s_0003.jpg","1960s_0003.jpg","8309378","2026-08-17T19:34:26.3428954Z","REVIEW ONLY - DO NOT DELETE YET"
"1960\1960s_0004_a_Restored.jpg","C:\Users\rbell\OneDrive\Documents\GitHub\bell-family-archive\images\1960\1960s_0004_a_Restored.jpg","1960s_0004_a_Restored.jpg","4064418","2026-08-17T19:29:47.0566508Z","REVIEW ONLY - DO NOT DELETE YET"
"1960\1960s_0005_a_Restored.jpg","C:\Users\rbell\OneDrive\Documents\GitHub\bell-family-archive\images\1960\1960s_0005_a_Restored.jpg","1960s_0005_a_Restored.jpg","4369928","2026-08-17T19:32:28.8677297Z","REVIEW ONLY - DO NOT DELETE YET"
"1960\1960s_0011.jpg","C:\Users\rbell\OneDrive\Documents\GitHub\bell-family-archive\images\1960\1960s_0011.jpg","1960s_0011.jpg","3944556","2026-08-17T20:17:08.3091281Z","REVIEW ONLY - DO NOT DELETE YET"
"1960\1960s_0014_a_Restored.jpg","C:\Users\rbell\OneDrive\Documents\GitHub\bell-family-archive\images\1960\1960s_0014_a_Restored.jpg","1960s_0014_a_Restored.jpg","3335744","2026-08-17T19:39:44.5440262Z","REVIEW ONLY - DO NOT DELETE YET"
"1963\Document_20260717_0002.jpg","C:\Users\rbell\OneDrive\Documents\GitHub\bell-family-archive\images\1963\Document_20260717_0002.jpg","Document_20260717_0002.jpg","6907398","2026-07-17T16:24:37.0000000Z","REVIEW ONLY - DO NOT DELETE YET"
"1963\Document_20260717_0003.jpg","C:\Users\rbell\OneDrive\Documents\GitHub\bell-family-archive\images\1963\Document_20260717_0003.jpg","Document_20260717_0003.jpg","7596784","2026-07-17T16:24:37.0000000Z","REVIEW ONLY - DO NOT DELETE YET"
"1965\1965_0001.jpg","C:\Users\rbell\OneDrive\Documents\GitHub\bell-family-archive\images\1965\1965_0001.jpg","1965_0001.jpg","8444248","2026-07-17T16:27:57.0000000Z","REVIEW ONLY - DO NOT DELETE YET"
"1965\Document_20260717_0001.jpg","C:\Users\rbell\OneDrive\Documents\GitHub\bell-family-archive\images\1965\Document_20260717_0001.jpg","Document_20260717_0001.jpg","3037088","2026-07-17T16:27:57.0000000Z","REVIEW ONLY - DO NOT DELETE YET"
"1965\Document_20260717_0002.jpg","C:\Users\rbell\OneDrive\Documents\GitHub\bell-family-archive\images\1965\Document_20260717_0002.jpg","Document_20260717_0002.jpg","3938664","2026-07-17T16:27:57.0000000Z","REVIEW ONLY - DO NOT DELETE YET"
"1966\1966_0001_a.jpg","C:\Users\rbell\OneDrive\Documents\GitHub\bell-family-archive\images\1966\1966_0001_a.jpg","1966_0001_a.jpg","25181388","2026-07-17T16:30:35.0000000Z","REVIEW ONLY - DO NOT DELETE YET"
"1966\Document_20260717_0001.jpg","C:\Users\rbell\OneDrive\Documents\GitHub\bell-family-archive\images\1966\Document_20260717_0001.jpg","Document_20260717_0001.jpg","3998431","2026-07-17T16:30:35.0000000Z","REVIEW ONLY - DO NOT DELETE YET"
"1966\Document_20260717_0002.jpg","C:\Users\rbell\OneDrive\Documents\GitHub\bell-family-archive\images\1966\Document_20260717_0002.jpg","Document_20260717_0002.jpg","2675034","2026-07-17T16:30:35.0000000Z","REVIEW ONLY - DO NOT DELETE YET"
"1967\1967_0001_a.jpg","C:\Users\rbell\OneDrive\Documents\GitHub\bell-family-archive\images\1967\1967_0001_a.jpg","1967_0001_a.jpg","19411864","2026-07-17T16:17:21.0000000Z","REVIEW ONLY - DO NOT DELETE YET"
"1967\1967_0002_a.jpg","C:\Users\rbell\OneDrive\Documents\GitHub\bell-family-archive\images\1967\1967_0002_a.jpg","1967_0002_a.jpg","20758903","2026-07-17T16:17:21.0000000Z","REVIEW ONLY - DO NOT DELETE YET"
"1967\1967_0003_a.jpg","C:\Users\rbell\OneDrive\Documents\GitHub\bell-family-archive\images\1967\1967_0003_a.jpg","1967_0003_a.jpg","24326469","2026-07-17T16:17:21.0000000Z","REVIEW ONLY - DO NOT DELETE YET"
"1967\Document_20260717_0001.jpg","C:\Users\rbell\OneDrive\Documents\GitHub\bell-family-archive\images\1967\Document_20260717_0001.jpg","Document_20260717_0001.jpg","7712246","2026-07-17T16:17:21.0000000Z","REVIEW ONLY - DO NOT DELETE YET"
"1970s_0014_a.jpg","C:\Users\rbell\OneDrive\Documents\GitHub\bell-family-archive\images\1970s_0014_a.jpg","1970s_0014_a.jpg","910264","2026-08-17T00:13:06.6307153Z","REVIEW ONLY - DO NOT DELETE YET"
"1971 Drill Team.jpg","C:\Users\rbell\OneDrive\Documents\GitHub\bell-family-archive\images\1971 Drill Team.jpg","1971 Drill Team.jpg","1311919","2026-08-17T00:13:06.2380348Z","REVIEW ONLY - DO NOT DELETE YET"
"1971 Perfect Attendance.jpg","C:\Users\rbell\OneDrive\Documents\GitHub\bell-family-archive\images\1971 Perfect Attendance.jpg","1971 Perfect Attendance.jpg","1285496","2026-08-17T00:12:56.5961920Z","REVIEW ONLY - DO NOT DELETE YET"
"1972 Scholastic Achievement.jpg","C:\Users\rbell\OneDrive\Documents\GitHub\bell-family-archive\images\1972 Scholastic Achievement.jpg","1972 Scholastic Achievement.jpg","1437504","2026-08-17T00:13:06.1540143Z","REVIEW ONLY - DO NOT DELETE YET"
"1972_0003_Dickey_Bell.jpg","C:\Users\rbell\OneDrive\Documents\GitHub\bell-family-archive\images\1972_0003_Dickey_Bell.jpg","1972_0003_Dickey_Bell.jpg","861050","2026-08-17T00:13:06.6554690Z","REVIEW ONLY - DO NOT DELETE YET"
"1972_Dickey_Bell_0002.jpg","C:\Users\rbell\OneDrive\Documents\GitHub\bell-family-archive\images\1972_Dickey_Bell_0002.jpg","1972_Dickey_Bell_0002.jpg","874512","2026-08-17T00:12:56.9749304Z","REVIEW ONLY - DO NOT DELETE YET"
"1972_Dickey_Bell_0003.jpg","C:\Users\rbell\OneDrive\Documents\GitHub\bell-family-archive\images\1972_Dickey_Bell_0003.jpg","1972_Dickey_Bell_0003.jpg","744749","2026-08-17T00:13:06.7834363Z","REVIEW ONLY - DO NOT DELETE YET"
"1973_0001.jpg","C:\Users\rbell\OneDrive\Documents\GitHub\bell-family-archive\images\1973_0001.jpg","1973_0001.jpg","1003459","2026-08-17T00:13:06.5219070Z","REVIEW ONLY - DO NOT DELETE YET"
"1973_0003_a.jpg","C:\Users\rbell\OneDrive\Documents\GitHub\bell-family-archive\images\1973_0003_a.jpg","1973_0003_a.jpg","926096","2026-08-17T00:13:06.5929640Z","REVIEW ONLY - DO NOT DELETE YET"
"1973_0004.jpg","C:\Users\rbell\OneDrive\Documents\GitHub\bell-family-archive\images\1973_0004.jpg","1973_0004.jpg","806921","2026-08-17T00:13:06.7335285Z","REVIEW ONLY - DO NOT DELETE YET"
"1973_0005.jpg","C:\Users\rbell\OneDrive\Documents\GitHub\bell-family-archive\images\1973_0005.jpg","1973_0005.jpg","797496","2026-08-17T00:13:06.7501554Z","REVIEW ONLY - DO NOT DELETE YET"
"1973_0006.jpg","C:\Users\rbell\OneDrive\Documents\GitHub\bell-family-archive\images\1973_0006.jpg","1973_0006.jpg","924813","2026-08-17T00:12:56.9332364Z","REVIEW ONLY - DO NOT DELETE YET"
"1973_0007_a.jpg","C:\Users\rbell\OneDrive\Documents\GitHub\bell-family-archive\images\1973_0007_a.jpg","1973_0007_a.jpg","1542773","2026-08-17T00:13:06.1384010Z","REVIEW ONLY - DO NOT DELETE YET"
"1973_0008_a.jpg","C:\Users\rbell\OneDrive\Documents\GitHub\bell-family-archive\images\1973_0008_a.jpg","1973_0008_a.jpg","1343531","2026-08-17T00:12:56.5503161Z","REVIEW ONLY - DO NOT DELETE YET"
"1973_January_0001_a.jpg","C:\Users\rbell\OneDrive\Documents\GitHub\bell-family-archive\images\1973_January_0001_a.jpg","1973_January_0001_a.jpg","1160939","2026-08-17T00:13:06.3761642Z","REVIEW ONLY - DO NOT DELETE YET"
"1974 Cadet LTC.jpg","C:\Users\rbell\OneDrive\Documents\GitHub\bell-family-archive\images\1974 Cadet LTC.jpg","1974 Cadet LTC.jpg","560407","2026-08-17T00:12:57.3200040Z","REVIEW ONLY - DO NOT DELETE YET"
"1974 Drill Team.jpg","C:\Users\rbell\OneDrive\Documents\GitHub\bell-family-archive\images\1974 Drill Team.jpg","1974 Drill Team.jpg","1401747","2026-08-17T00:13:06.1851791Z","REVIEW ONLY - DO NOT DELETE YET"
"1974_0001.jpg","C:\Users\rbell\OneDrive\Documents\GitHub\bell-family-archive\images\1974_0001.jpg","1974_0001.jpg","697575","2026-08-17T00:12:57.1360266Z","REVIEW ONLY - DO NOT DELETE YET"
"1974_0003.jpg","C:\Users\rbell\OneDrive\Documents\GitHub\bell-family-archive\images\1974_0003.jpg","1974_0003.jpg","1136556","2026-08-17T00:12:56.7469143Z","REVIEW ONLY - DO NOT DELETE YET"
"1974_0005_a.jpg","C:\Users\rbell\OneDrive\Documents\GitHub\bell-family-archive\images\1974_0005_a.jpg","1974_0005_a.jpg","1440587","2026-08-17T00:12:56.4671917Z","REVIEW ONLY - DO NOT DELETE YET"
"1974_0006_a.jpg","C:\Users\rbell\OneDrive\Documents\GitHub\bell-family-archive\images\1974_0006_a.jpg","1974_0006_a.jpg","1167857","2026-08-17T00:12:56.7016760Z","REVIEW ONLY - DO NOT DELETE YET"
"1974_0007.jpg","C:\Users\rbell\OneDrive\Documents\GitHub\bell-family-archive\images\1974_0007.jpg","1974_0007.jpg","844179","2026-08-17T00:13:06.6690913Z","REVIEW ONLY - DO NOT DELETE YET"
"1974_0008_a.jpg","C:\Users\rbell\OneDrive\Documents\GitHub\bell-family-archive\images\1974_0008_a.jpg","1974_0008_a.jpg","1568516","2026-08-17T00:12:56.4050770Z","REVIEW ONLY - DO NOT DELETE YET"
"1974_0009.jpg","C:\Users\rbell\OneDrive\Documents\GitHub\bell-family-archive\images\1974_0009.jpg","1974_0009.jpg","1041856","2026-08-17T00:12:56.8046252Z","REVIEW ONLY - DO NOT DELETE YET"
"1976_0001_a.jpg","C:\Users\rbell\OneDrive\Documents\GitHub\bell-family-archive\images\1976_0001_a.jpg","1976_0001_a.jpg","1289890","2026-08-17T00:13:06.2679132Z","REVIEW ONLY - DO NOT DELETE YET"
"1976_0002.jpg","C:\Users\rbell\OneDrive\Documents\GitHub\bell-family-archive\images\1976_0002.jpg","1976_0002.jpg","918227","2026-08-17T00:13:06.6186258Z","REVIEW ONLY - DO NOT DELETE YET"
"1979 Rickey and Dickey.png","C:\Users\rbell\OneDrive\Documents\GitHub\bell-family-archive\images\1979 Rickey and Dickey.png","1979 Rickey and Dickey.png","2973894","2026-08-17T00:13:05.9980498Z","REVIEW ONLY - DO NOT DELETE YET"
"1980s_0009_a.jpg","C:\Users\rbell\OneDrive\Documents\GitHub\bell-family-archive\images\1980s_0009_a.jpg","1980s_0009_a.jpg","927631","2026-08-17T00:12:56.9200293Z","REVIEW ONLY - DO NOT DELETE YET"
"1980s_0027_a.jpg","C:\Users\rbell\OneDrive\Documents\GitHub\bell-family-archive\images\1980s_0027_a.jpg","1980s_0027_a.jpg","1443355","2026-08-17T00:12:56.4475528Z","REVIEW ONLY - DO NOT DELETE YET"
"1980s_0028_a.jpg","C:\Users\rbell\OneDrive\Documents\GitHub\bell-family-archive\images\1980s_0028_a.jpg","1980s_0028_a.jpg","1051491","2026-08-17T00:13:06.4477589Z","REVIEW ONLY - DO NOT DELETE YET"
"1980s_0030_a.jpg","C:\Users\rbell\OneDrive\Documents\GitHub\bell-family-archive\images\1980s_0030_a.jpg","1980s_0030_a.jpg","1171344","2026-08-17T00:13:06.3454053Z","REVIEW ONLY - DO NOT DELETE YET"
"1980s_0031_a.jpg","C:\Users\rbell\OneDrive\Documents\GitHub\bell-family-archive\images\1980s_0031_a.jpg","1980s_0031_a.jpg","972243","2026-08-17T00:12:56.8808522Z","REVIEW ONLY - DO NOT DELETE YET"
"1980s_0032_a.jpg","C:\Users\rbell\OneDrive\Documents\GitHub\bell-family-archive\images\1980s_0032_a.jpg","1980s_0032_a.jpg","939301","2026-08-17T00:12:56.8952442Z","REVIEW ONLY - DO NOT DELETE YET"
"1980s_0034_a.jpg","C:\Users\rbell\OneDrive\Documents\GitHub\bell-family-archive\images\1980s_0034_a.jpg","1980s_0034_a.jpg","911764","2026-08-17T00:12:56.9608560Z","REVIEW ONLY - DO NOT DELETE YET"
"1982_0002.jpg","C:\Users\rbell\OneDrive\Documents\GitHub\bell-family-archive\images\1982_0002.jpg","1982_0002.jpg","846965","2026-08-17T00:12:57.0011291Z","REVIEW ONLY - DO NOT DELETE YET"
"1984_0004_a.jpg","C:\Users\rbell\OneDrive\Documents\GitHub\bell-family-archive\images\1984_0004_a.jpg","1984_0004_a.jpg","1155744","2026-08-17T00:12:56.7327682Z","REVIEW ONLY - DO NOT DELETE YET"
"1985_0002_a.jpg","C:\Users\rbell\OneDrive\Documents\GitHub\bell-family-archive\images\1985_0002_a.jpg","1985_0002_a.jpg","1374353","2026-08-17T00:12:56.5168079Z","REVIEW ONLY - DO NOT DELETE YET"
"1985_0058_a.jpg","C:\Users\rbell\OneDrive\Documents\GitHub\bell-family-archive\images\1985_0058_a.jpg","1985_0058_a.jpg","1349534","2026-08-17T00:12:56.5329573Z","REVIEW ONLY - DO NOT DELETE YET"
"1986_0005_a.jpg","C:\Users\rbell\OneDrive\Documents\GitHub\bell-family-archive\images\1986_0005_a.jpg","1986_0005_a.jpg","919715","2026-08-17T00:13:06.6055438Z","REVIEW ONLY - DO NOT DELETE YET"
"1986_December_0001_a.jpg","C:\Users\rbell\OneDrive\Documents\GitHub\bell-family-archive\images\1986_December_0001_a.jpg","1986_December_0001_a.jpg","1138321","2026-08-17T00:13:06.4041471Z","REVIEW ONLY - DO NOT DELETE YET"
"1988_0003_a.jpg","C:\Users\rbell\OneDrive\Documents\GitHub\bell-family-archive\images\1988_0003_a.jpg","1988_0003_a.jpg","1161454","2026-08-17T00:12:56.7178805Z","REVIEW ONLY - DO NOT DELETE YET"
"1990_0004.jpg","C:\Users\rbell\OneDrive\Documents\GitHub\bell-family-archive\images\1990_0004.jpg","1990_0004.jpg","1089807","2026-08-17T00:13:06.4334301Z","REVIEW ONLY - DO NOT DELETE YET"
"1990s_0001_a.jpg","C:\Users\rbell\OneDrive\Documents\GitHub\bell-family-archive\images\1990s_0001_a.jpg","1990s_0001_a.jpg","1039971","2026-08-17T00:13:06.4865738Z","REVIEW ONLY - DO NOT DELETE YET"
"1990s_0002_a(1).jpg","C:\Users\rbell\OneDrive\Documents\GitHub\bell-family-archive\images\1990s_0002_a(1).jpg","1990s_0002_a(1).jpg","1175716","2026-08-17T00:12:56.6724300Z","REVIEW ONLY - DO NOT DELETE YET"
"1990s_0013_a.jpg","C:\Users\rbell\OneDrive\Documents\GitHub\bell-family-archive\images\1990s_0013_a.jpg","1990s_0013_a.jpg","1201457","2026-08-17T00:13:06.3307125Z","REVIEW ONLY - DO NOT DELETE YET"
"1990s_0016_a.jpg","C:\Users\rbell\OneDrive\Documents\GitHub\bell-family-archive\images\1990s_0016_a.jpg","1990s_0016_a.jpg","1220332","2026-08-17T00:12:56.6573586Z","REVIEW ONLY - DO NOT DELETE YET"
"1990s_0031_a.jpg","C:\Users\rbell\OneDrive\Documents\GitHub\bell-family-archive\images\1990s_0031_a.jpg","1990s_0031_a.jpg","1102805","2026-08-17T00:12:56.7615473Z","REVIEW ONLY - DO NOT DELETE YET"
"1990s_0037_a.jpg","C:\Users\rbell\OneDrive\Documents\GitHub\bell-family-archive\images\1990s_0037_a.jpg","1990s_0037_a.jpg","802347","2026-08-17T00:12:57.0616442Z","REVIEW ONLY - DO NOT DELETE YET"
"1990s_0041_a.jpg","C:\Users\rbell\OneDrive\Documents\GitHub\bell-family-archive\images\1990s_0041_a.jpg","1990s_0041_a.jpg","1306489","2026-08-17T00:12:56.5793863Z","REVIEW ONLY - DO NOT DELETE YET"
"1990s_0042_a.jpg","C:\Users\rbell\OneDrive\Documents\GitHub\bell-family-archive\images\1990s_0042_a.jpg","1990s_0042_a.jpg","1027670","2026-08-17T00:12:56.8182092Z","REVIEW ONLY - DO NOT DELETE YET"
"1990s_0043_a.jpg","C:\Users\rbell\OneDrive\Documents\GitHub\bell-family-archive\images\1990s_0043_a.jpg","1990s_0043_a.jpg","1045858","2026-08-17T00:13:06.4628997Z","REVIEW ONLY - DO NOT DELETE YET"
"1990s_0044_a.jpg","C:\Users\rbell\OneDrive\Documents\GitHub\bell-family-archive\images\1990s_0044_a.jpg","1990s_0044_a.jpg","1125081","2026-08-17T00:13:06.4183246Z","REVIEW ONLY - DO NOT DELETE YET"
"1990s_0047_a.jpg","C:\Users\rbell\OneDrive\Documents\GitHub\bell-family-archive\images\1990s_0047_a.jpg","1990s_0047_a.jpg","673608","2026-08-17T00:12:57.1576944Z","REVIEW ONLY - DO NOT DELETE YET"
"1990s_0049_a.jpg","C:\Users\rbell\OneDrive\Documents\GitHub\bell-family-archive\images\1990s_0049_a.jpg","1990s_0049_a.jpg","1398058","2026-08-17T00:13:06.2010558Z","REVIEW ONLY - DO NOT DELETE YET"
"1990s_0050.jpg","C:\Users\rbell\OneDrive\Documents\GitHub\bell-family-archive\images\1990s_0050.jpg","1990s_0050.jpg","497715","2026-08-17T00:12:57.3763218Z","REVIEW ONLY - DO NOT DELETE YET"
"1993_0001_a.jpg","C:\Users\rbell\OneDrive\Documents\GitHub\bell-family-archive\images\1993_0001_a.jpg","1993_0001_a.jpg","1145529","2026-08-17T00:13:06.3895936Z","REVIEW ONLY - DO NOT DELETE YET"
"1994_0005_a.jpg","C:\Users\rbell\OneDrive\Documents\GitHub\bell-family-archive\images\1994_0005_a.jpg","1994_0005_a.jpg","934915","2026-08-17T00:12:56.9074185Z","REVIEW ONLY - DO NOT DELETE YET"
"1994_0015_a.jpg","C:\Users\rbell\OneDrive\Documents\GitHub\bell-family-archive\images\1994_0015_a.jpg","1994_0015_a.jpg","1238376","2026-08-17T00:13:06.2981513Z","REVIEW ONLY - DO NOT DELETE YET"
"1994_0016_a.jpg","C:\Users\rbell\OneDrive\Documents\GitHub\bell-family-archive\images\1994_0016_a.jpg","1994_0016_a.jpg","979276","2026-08-17T00:12:56.8677850Z","REVIEW ONLY - DO NOT DELETE YET"
"1994_0017_a.jpg","C:\Users\rbell\OneDrive\Documents\GitHub\bell-family-archive\images\1994_0017_a.jpg","1994_0017_a.jpg","973229","2026-08-17T00:13:06.5395568Z","REVIEW ONLY - DO NOT DELETE YET"
"1994_0027_a.jpg","C:\Users\rbell\OneDrive\Documents\GitHub\bell-family-archive\images\1994_0027_a.jpg","1994_0027_a.jpg","1251098","2026-08-17T00:12:56.6421179Z","REVIEW ONLY - DO NOT DELETE YET"
"1994_0028_a.jpg","C:\Users\rbell\OneDrive\Documents\GitHub\bell-family-archive\images\1994_0028_a.jpg","1994_0028_a.jpg","1204868","2026-08-17T00:13:06.3151272Z","REVIEW ONLY - DO NOT DELETE YET"
"1994_0034_a.jpg","C:\Users\rbell\OneDrive\Documents\GitHub\bell-family-archive\images\1994_0034_a.jpg","1994_0034_a.jpg","871385","2026-08-17T00:13:06.6423229Z","REVIEW ONLY - DO NOT DELETE YET"
"1994_May_0001_a.jpg","C:\Users\rbell\OneDrive\Documents\GitHub\bell-family-archive\images\1994_May_0001_a.jpg","1994_May_0001_a.jpg","1101121","2026-08-17T00:12:56.7751293Z","REVIEW ONLY - DO NOT DELETE YET"
"1994_May_0002_a.jpg","C:\Users\rbell\OneDrive\Documents\GitHub\bell-family-archive\images\1994_May_0002_a.jpg","1994_May_0002_a.jpg","1433277","2026-08-17T00:13:06.1701043Z","REVIEW ONLY - DO NOT DELETE YET"
"1994_May_0003_a.jpg","C:\Users\rbell\OneDrive\Documents\GitHub\bell-family-archive\images\1994_May_0003_a.jpg","1994_May_0003_a.jpg","1566760","2026-08-17T00:13:06.1205512Z","REVIEW ONLY - DO NOT DELETE YET"
"2000s_0001_a.jpg","C:\Users\rbell\OneDrive\Documents\GitHub\bell-family-archive\images\2000s_0001_a.jpg","2000s_0001_a.jpg","1659046","2026-08-17T00:13:06.0872928Z","REVIEW ONLY - DO NOT DELETE YET"
"2000s_0007_a.jpg","C:\Users\rbell\OneDrive\Documents\GitHub\bell-family-archive\images\2000s_0007_a.jpg","2000s_0007_a.jpg","1171658","2026-08-17T00:12:56.6860616Z","REVIEW ONLY - DO NOT DELETE YET"
"2000s_0009_a.jpg","C:\Users\rbell\OneDrive\Documents\GitHub\bell-family-archive\images\2000s_0009_a.jpg","2000s_0009_a.jpg","982231","2026-08-17T00:12:56.8522044Z","REVIEW ONLY - DO NOT DELETE YET"
"2000s_0011_a.jpg","C:\Users\rbell\OneDrive\Documents\GitHub\bell-family-archive\images\2000s_0011_a.jpg","2000s_0011_a.jpg","968724","2026-08-17T00:13:06.5531917Z","REVIEW ONLY - DO NOT DELETE YET"
"2001_0001.jpg","C:\Users\rbell\OneDrive\Documents\GitHub\bell-family-archive\images\2001_0001.jpg","2001_0001.jpg","739099","2026-08-17T00:12:57.1239256Z","REVIEW ONLY - DO NOT DELETE YET"
"2006_0001_a.jpg","C:\Users\rbell\OneDrive\Documents\GitHub\bell-family-archive\images\2006_0001_a.jpg","2006_0001_a.jpg","1565366","2026-08-17T00:12:56.4247767Z","REVIEW ONLY - DO NOT DELETE YET"
"2006_0004_a.jpg","C:\Users\rbell\OneDrive\Documents\GitHub\bell-family-archive\images\2006_0004_a.jpg","2006_0004_a.jpg","1274516","2026-08-17T00:13:06.2825245Z","REVIEW ONLY - DO NOT DELETE YET"
"20260806_180826.jpg","C:\Users\rbell\OneDrive\Documents\GitHub\bell-family-archive\images\20260806_180826.jpg","20260806_180826.jpg","912390","2026-08-17T00:12:56.9477523Z","REVIEW ONLY - DO NOT DELETE YET"
"77 Heather_Dickey_Rickey.jpg","C:\Users\rbell\OneDrive\Documents\GitHub\bell-family-archive\images\77 Heather_Dickey_Rickey.jpg","77 Heather_Dickey_Rickey.jpg","833985","2026-08-17T00:12:57.0137848Z","REVIEW ONLY - DO NOT DELETE YET"
"Bell BS.png","C:\Users\rbell\OneDrive\Documents\GitHub\bell-family-archive\images\Bell BS.png","Bell BS.png","2856166","2026-08-17T00:13:06.0237702Z","REVIEW ONLY - DO NOT DELETE YET"
"Bell MBA.png","C:\Users\rbell\OneDrive\Documents\GitHub\bell-family-archive\images\Bell MBA.png","Bell MBA.png","2921175","2026-08-17T00:12:56.2358581Z","REVIEW ONLY - DO NOT DELETE YET"
"Bell Wall Street.png","C:\Users\rbell\OneDrive\Documents\GitHub\bell-family-archive\images\Bell Wall Street.png","Bell Wall Street.png","2600654","2026-08-17T00:13:06.0706337Z","REVIEW ONLY - DO NOT DELETE YET"
"Bell.Barnett Marriage Certificate.png","C:\Users\rbell\OneDrive\Documents\GitHub\bell-family-archive\images\Bell.Barnett Marriage Certificate.png","Bell.Barnett Marriage Certificate.png","376939","2026-08-17T00:12:57.4230403Z","REVIEW ONLY - DO NOT DELETE YET"
"Bell.Faulkenberry Marriage Certificate.png","C:\Users\rbell\OneDrive\Documents\GitHub\bell-family-archive\images\Bell.Faulkenberry Marriage Certificate.png","Bell.Faulkenberry Marriage Certificate.png","379738","2026-08-17T00:13:07.0852730Z","REVIEW ONLY - DO NOT DELETE YET"
"Beta Gamma Sigma Land.png","C:\Users\rbell\OneDrive\Documents\GitHub\bell-family-archive\images\Beta Gamma Sigma Land.png","Beta Gamma Sigma Land.png","2719792","2026-08-17T00:13:06.0469981Z","REVIEW ONLY - DO NOT DELETE YET"
"Christmas 83.png","C:\Users\rbell\OneDrive\Documents\GitHub\bell-family-archive\images\Christmas 83.png","Christmas 83.png","3439147","2026-08-17T00:12:56.1844837Z","REVIEW ONLY - DO NOT DELETE YET"
"CompTIA.png","C:\Users\rbell\OneDrive\Documents\GitHub\bell-family-archive\images\CompTIA.png","CompTIA.png","2766009","2026-08-17T00:12:56.2618716Z","REVIEW ONLY - DO NOT DELETE YET"
"Dickey Bell, The Lancaster News.png","C:\Users\rbell\OneDrive\Documents\GitHub\bell-family-archive\images\Dickey Bell, The Lancaster News.png","Dickey Bell, The Lancaster News.png","3518948","2026-08-17T00:13:05.9440855Z","REVIEW ONLY - DO NOT DELETE YET"
"Dickey Birth Cert.jpg","C:\Users\rbell\OneDrive\Documents\GitHub\bell-family-archive\images\Dickey Birth Cert.jpg","Dickey Birth Cert.jpg","1597985","2026-08-17T00:13:06.1044092Z","REVIEW ONLY - DO NOT DELETE YET"
"Dickey Divorce_Page1.jpg","C:\Users\rbell\OneDrive\Documents\GitHub\bell-family-archive\images\Dickey Divorce_Page1.jpg","Dickey Divorce_Page1.jpg","132006","2026-08-17T00:13:07.1060982Z","REVIEW ONLY - DO NOT DELETE YET"
"Dickey Divorce_Page2.jpg","C:\Users\rbell\OneDrive\Documents\GitHub\bell-family-archive\images\Dickey Divorce_Page2.jpg","Dickey Divorce_Page2.jpg","75533","2026-08-17T00:13:07.1429952Z","REVIEW ONLY - DO NOT DELETE YET"
"Dickey Graduation 1974.png","C:\Users\rbell\OneDrive\Documents\GitHub\bell-family-archive\images\Dickey Graduation 1974.png","Dickey Graduation 1974.png","2650938","2026-08-17T00:12:56.3689385Z","REVIEW ONLY - DO NOT DELETE YET"
"Dickey Seperation_Page1.jpg","C:\Users\rbell\OneDrive\Documents\GitHub\bell-family-archive\images\Dickey Seperation_Page1.jpg","Dickey Seperation_Page1.jpg","129348","2026-08-17T00:12:57.4537743Z","REVIEW ONLY - DO NOT DELETE YET"
"Dickey Seperation_Page2.jpg","C:\Users\rbell\OneDrive\Documents\GitHub\bell-family-archive\images\Dickey Seperation_Page2.jpg","Dickey Seperation_Page2.jpg","95442","2026-08-17T00:12:57.4608418Z","REVIEW ONLY - DO NOT DELETE YET"
"Dickey Seperation_Page3.jpg","C:\Users\rbell\OneDrive\Documents\GitHub\bell-family-archive\images\Dickey Seperation_Page3.jpg","Dickey Seperation_Page3.jpg","41642","2026-08-17T00:12:57.4723871Z","REVIEW ONLY - DO NOT DELETE YET"
"Dickey(1).jpg","C:\Users\rbell\OneDrive\Documents\GitHub\bell-family-archive\images\Dickey(1).jpg","Dickey(1).jpg","572162","2026-08-17T00:12:57.2626752Z","REVIEW ONLY - DO NOT DELETE YET"
"dickey.JPG","C:\Users\rbell\OneDrive\Documents\GitHub\bell-family-archive\images\dickey.JPG","dickey.JPG","140436","2026-08-17T00:12:57.4396578Z","REVIEW ONLY - DO NOT DELETE YET"
"Dickey_Bell_Portrait_2010s.jpg","C:\Users\rbell\OneDrive\Documents\GitHub\bell-family-archive\images\Dickey_Bell_Portrait_2010s.jpg","Dickey_Bell_Portrait_2010s.jpg","572162","2026-08-17T00:13:06.9127425Z","REVIEW ONLY - DO NOT DELETE YET"
"Divorce Summons_Page1.jpg","C:\Users\rbell\OneDrive\Documents\GitHub\bell-family-archive\images\Divorce Summons_Page1.jpg","Divorce Summons_Page1.jpg","114239","2026-08-17T00:13:07.1138649Z","REVIEW ONLY - DO NOT DELETE YET"
"Divorce Summons_Page2.jpg","C:\Users\rbell\OneDrive\Documents\GitHub\bell-family-archive\images\Divorce Summons_Page2.jpg","Divorce Summons_Page2.jpg","138482","2026-08-17T00:12:57.4467402Z","REVIEW ONLY - DO NOT DELETE YET"
"Divorce Summons_Page3.jpg","C:\Users\rbell\OneDrive\Documents\GitHub\bell-family-archive\images\Divorce Summons_Page3.jpg","Divorce Summons_Page3.jpg","79469","2026-08-17T00:12:57.4658657Z","REVIEW ONLY - DO NOT DELETE YET"
"Document_20260717_0001(10).jpg","C:\Users\rbell\OneDrive\Documents\GitHub\bell-family-archive\images\Document_20260717_0001(10).jpg","Document_20260717_0001(10).jpg","525143","2026-08-17T00:13:07.0101462Z","REVIEW ONLY - DO NOT DELETE YET"
"Document_20260717_0001(20260815-035408).jpg","C:\Users\rbell\OneDrive\Documents\GitHub\bell-family-archive\images\Document_20260717_0001(20260815-035408).jpg","Document_20260717_0001(20260815-035408).jpg","770759","2026-08-17T00:12:57.0989414Z","REVIEW ONLY - DO NOT DELETE YET"
"Document_20260717_0002(20260815-033754).jpg","C:\Users\rbell\OneDrive\Documents\GitHub\bell-family-archive\images\Document_20260717_0002(20260815-033754).jpg","Document_20260717_0002(20260815-033754).jpg","459728","2026-08-17T00:12:57.3948678Z","REVIEW ONLY - DO NOT DELETE YET"
"Document_20260717_0002(4).jpg","C:\Users\rbell\OneDrive\Documents\GitHub\bell-family-archive\images\Document_20260717_0002(4).jpg","Document_20260717_0002(4).jpg","1437495","2026-08-17T00:12:56.4840909Z","REVIEW ONLY - DO NOT DELETE YET"
"Document_20260717_0003(1).jpg","C:\Users\rbell\OneDrive\Documents\GitHub\bell-family-archive\images\Document_20260717_0003(1).jpg","Document_20260717_0003(1).jpg","828571","2026-08-17T00:12:57.0379171Z","REVIEW ONLY - DO NOT DELETE YET"
"Document_20260717_0004(1).jpg","C:\Users\rbell\OneDrive\Documents\GitHub\bell-family-archive\images\Document_20260717_0004(1).jpg","Document_20260717_0004(1).jpg","859100","2026-08-17T00:12:56.9875571Z","REVIEW ONLY - DO NOT DELETE YET"
"Document_20260717_0005(1).jpg","C:\Users\rbell\OneDrive\Documents\GitHub\bell-family-archive\images\Document_20260717_0005(1).jpg","Document_20260717_0005(1).jpg","808918","2026-08-17T00:13:06.7214038Z","REVIEW ONLY - DO NOT DELETE YET"
"Document_20260731_0001(1).jpg","C:\Users\rbell\OneDrive\Documents\GitHub\bell-family-archive\images\Document_20260731_0001(1).jpg","Document_20260731_0001(1).jpg","663416","2026-08-17T00:13:06.8280971Z","REVIEW ONLY - DO NOT DELETE YET"
"FILE0009.JPG","C:\Users\rbell\OneDrive\Documents\GitHub\bell-family-archive\images\FILE0009.JPG","FILE0009.JPG","1256501","2026-08-17T00:12:56.6232990Z","REVIEW ONLY - DO NOT DELETE YET"
"The Citadel Admission.jpg","C:\Users\rbell\OneDrive\Documents\GitHub\bell-family-archive\images\The Citadel Admission.jpg","The Citadel Admission.jpg","350035","2026-08-17T00:12:57.4331377Z","REVIEW ONLY - DO NOT DELETE YET"
"TSI.jpg","C:\Users\rbell\OneDrive\Documents\GitHub\bell-family-archive\images\TSI.jpg","TSI.jpg","660174","2026-08-17T00:12:57.1698101Z","REVIEW ONLY - DO NOT DELETE YET"
"wedding.jpg","C:\Users\rbell\OneDrive\Documents\GitHub\bell-family-archive\images\wedding.jpg","wedding.jpg","838696","2026-08-17T00:13:06.6816599Z","REVIEW ONLY - DO NOT DELETE YET"
